en,de,description,file,hash
"Your account has been successfully activated. %s","Ihr Konto wurde erfolgreich aktiviert. %s",,site/modules/FrontendLoginRegister/pages/ActivationPage.php,52887f21a9faf4c39d9cbb10d06ff65c
"Thank you for your feedback! The corresponding user account has been permanently deleted and you will not receive any further mails from %s.","Vielen Dank für Ihre Rückmeldung! Das entsprechende Benutzer-Konto wurde dauerhaft gelöscht und Sie werden keine weiteren E-Mails von %s mehr erhalten.",,site/modules/FrontendLoginRegister/pages/ActivationPage.php,907c2cd6e03c316df7a0a0f8a4e01113
"Sorry, but something went wrong. This activation code has already been used, is not valid anymore or was not found in the database.","Es ist leider etwas schief gelaufen. Der Aktivierungs-Code wurde entweder bereits verwendet, ist nicht mehr gültig oder wurde in der Datenbank nicht gefunden.",,site/modules/FrontendLoginRegister/pages/ActivationPage.php,c29ec956215900c9a2ecf4bcad43bbfe
en,de,description,file,hash
"Your account has been successfully deleted.","Ihr Konto wurde erfolgreich gelöscht.",,site/modules/FrontendLoginRegister/pages/DeleteAccountPage.php,0743cd2f951c8ad9615bf579d95a79df
"Are you sure that you want to delete your whole account?","Sind Sie sicher, dass Sie Ihr gesamtes Konto löschen möchten?",,site/modules/FrontendLoginRegister/pages/DeleteAccountPage.php,e1e9eb60be23d54e105f3b4a9b4d361d
"Your profile and related account information will be deleted forever!","Ihr Profil und die zugehörigen Kontoinformationen werden für immer gelöscht!",,site/modules/FrontendLoginRegister/pages/DeleteAccountPage.php,7b59dbe3aebbb843fcc12bf886cf7f7a
"Please note that there is no option to restore the account once it is deleted.","Bitte beachten Sie, dass es keine Möglichkeit gibt, das Konto wiederherzustellen, sobald es gelöscht wurde.",,site/modules/FrontendLoginRegister/pages/DeleteAccountPage.php,4b0db3fa088ec9b583234f92f151d1b7
"If you are absolutely sure, please tick the box below to confirm your deletion.","Wenn Sie sich absolut sicher sind, dann kreuzen Sie bitte das Kästchen unten an, um Ihre Löschung zu bestätigen.",,site/modules/FrontendLoginRegister/pages/DeleteAccountPage.php,ea4f9cc83e5544863384db9717bf655e
"I have read the notes above and confirm to delete my account.","Ich habe die obigen Hinweise gelesen und bestätige die Löschung meines Kontos.",,site/modules/FrontendLoginRegister/pages/DeleteAccountPage.php,dea89892c1019ca2812e91bcd455a9ef
"You have to confirm the deletion of your account.","Sie müssen die Löschung Ihres Kontos bestätigen.",,site/modules/FrontendLoginRegister/pages/DeleteAccountPage.php,db3164c61aec152bb83d2c14b5e6216f
"Delete account","Konto löschen",,site/modules/FrontendLoginRegister/pages/DeleteAccountPage.php,e6e049c44a797fda2a175d07df838e49
request,Konto-löschen-Link,,site/modules/FrontendLoginRegister/pages/DeleteAccountPage.php,10573b873d2fa5a365d558a45e328e47
"Your deletion link is expired. It was only valid for 5 minutes. Please %s for a new deletion link.","Ihr Konto-löschen-Link ist abgelaufen. Dieser war nur für 5 Minuten gültig. Sie müssen daher einen neuen %s beantragen.",,site/modules/FrontendLoginRegister/pages/DeleteAccountPage.php,ca4cd4cb2d91a8c2385175477e248cca
"Unfortunately there was a technical problem deleting your account. Please try it once more or contact the webmaster of the site.","Es gab leider ein technisches Problem beim Löschen Ihres Kontos. Bitte versuchen Sie es nocheinmal oder kontaktieren Sie den Webmaster dieser Seite.",,site/modules/FrontendLoginRegister/pages/DeleteAccountPage.php,075d1132546c0ce786b0969800c3b5bc
en,de,description,file,hash
"A link to complete your account deletion has been sent to your email address.","Ein Link zur endgültigen Löschung Ihres Kontos wurde an Ihre E-Mail Adresse gesendet.",,site/modules/FrontendLoginRegister/pages/DeleteRequestPage.php,6d7ca2d55fe344158d2238a36841699f
"Request the deletion link","Konto-löschen-Link anfordern",,site/modules/FrontendLoginRegister/pages/DeleteRequestPage.php,3ca845674c04875ca1aae27bb48b3086
"Action required to delete your account","Aktion erforderlich, um Ihr Konto zu löschen",,site/modules/FrontendLoginRegister/pages/DeleteRequestPage.php,d828f98420fcbb2b6a63f795b80d94f6
"Please click the link inside the mail","Bitte den Link in der E-Mail anklicken",,site/modules/FrontendLoginRegister/pages/DeleteRequestPage.php,db4dc77f3565f5c02ba9f6deea3400a3
en,de,description,file,hash
"If the email address supplied was found, an email with further instructions will be sent to you. Please check your email account within the next few minutes, including any junk or spam folders.","Wenn die angegebene E-Mail-Adresse gefunden wurde, erhalten Sie eine E-Mail mit weiteren Anweisungen. Bitte überprüfen Sie Ihr E-Mail-Konto innerhalb der nächsten Minuten, einschließlich Junk- oder Spam-Ordner.",,site/modules/FrontendLoginRegister/pages/ForgotLogindataPage.php,7d611031243bf8c552e04555fb70dc01
"Recover password","Passwort wiederherstellen",,site/modules/FrontendLoginRegister/pages/ForgotLogindataPage.php,50e63ff81efd77612d085e41e76f81d3
"Request login data","Zugangsdaten anfordern",,site/modules/FrontendLoginRegister/pages/ForgotLogindataPage.php,cde45d6d9673c9fcb5a15c29b9af486a
"It seems that you have already registered for an account,  but your account is still pending approval. To activate your account, please follow the instructions inside the mail that have been sent to you. After that you can create your new login data.","Anscheinend haben Sie sich bereits für ein Konto registriert, aber die Bestätigung ist noch ausständig. Um Ihr Konto zu aktivieren, folgen Sie bitte den Anweisungen in der E-Mail, die Sie soeben zu Ihnen gesendet wurde. Danach können Sie Ihre neuen Zugangsdaten erstellen.",,site/modules/FrontendLoginRegister/pages/ForgotLogindataPage.php,dee2e98698aeacd93932380e90114ac9
"the login data (password and/or username)","die Zugangsdaten (Passwort und/oder Benutzername)",,site/modules/FrontendLoginRegister/pages/ForgotLogindataPage.php,ac65b18179b5dea639f4c505ab9e7938
"the password","das Passwort",,site/modules/FrontendLoginRegister/pages/ForgotLogindataPage.php,25e2fccf9401ff0d9e20dbc86e2e71e4
"the login data","die Zugangsdaten",,site/modules/FrontendLoginRegister/pages/ForgotLogindataPage.php,58f00a47f8006f0aebf4a40c67963d99
"Action required to reset your %s","Aktion erforderlich, um Ihre %s zurückzusetzen",,site/modules/FrontendLoginRegister/pages/ForgotLogindataPage.php,a9617c66ee842332161c7b2522094baa
"Create a new %s","%s erstellen",,site/modules/FrontendLoginRegister/pages/ForgotLogindataPage.php,43767dfa93591b6111c17054981dd8ed
en,de,description,file,hash
"Description of the placeholders used","Beschreibung der verwendeten Platzhalter",,site/modules/FrontendLoginRegister/FrontendLoginRegister.module,eb4f4fc856f569649e5a1d880cc7100e
"Import the text for the emails too if they are available in the given language.","Die Texte für die E-Mails auch in der ausgewählten Sprache importieren, sofern diese vorhanden sind.",,site/modules/FrontendLoginRegister/FrontendLoginRegister.module,30775a779767a86161c5c81715d1b262
"Please note: This will overwrite all of your previous entered texts for the emails in the given language.","Bitte beachten Sie: Diese Aktion wird alle Ihre bisher eingegebenen Texte für die E-Mails in der ausgewählten Sprache überschreiben.",,site/modules/FrontendLoginRegister/FrontendLoginRegister.module,cefb9ff4d39117eef90d8f7bef4893b1
"General settings","Allgemeine Einstellungen",,site/modules/FrontendLoginRegister/FrontendLoginRegister.module,de62775a71fc2bf7a13d7530ae24a7ed
Login/registration,Anmeldung/Registrierung,,site/modules/FrontendLoginRegister/FrontendLoginRegister.module,73b89b7c5c780ac257ed9c427cdf9f95
"Choose whether you want a user login only or you want to offer the possibility of registration too.","Wählen Sie aus, ob Sie nur eine Anmeldung haben möchten oder zusätzlich auch eine Registrierungsmöglichkeit.",,site/modules/FrontendLoginRegister/FrontendLoginRegister.module,981310fd227b002baaffdd8205bc18f5
"Login and registration","Anmeldung und Registrierung",,site/modules/FrontendLoginRegister/FrontendLoginRegister.module,d9da38a97856e064ae4ee4e28356ae6b
"Login only","Nur eine Anmeldung",,site/modules/FrontendLoginRegister/FrontendLoginRegister.module,2c8ce8d388acc2233e1ea020c3dbf754
"By selecting ""Login only"", the registration and activation page will be disabled.","Wenn Sie ""Nur eine Anmeldung"" auswählen, dann werden die Registrierungs- und Aktivierungsseite deaktiviert.",,site/modules/FrontendLoginRegister/FrontendLoginRegister.module,7cce3991bf442fbfda1293c2afde0f51
"Ajax setting","Ajax Einstellungen",,site/modules/FrontendLoginRegister/FrontendLoginRegister.module,1836f8ad166c66506955429b3b2e6ea5
"Choose whether you want to use Ajax form submission or not.","Wählen Sie aus, ob Sie Ajax zum Absenden der Formulare nutzen möchten, oder nicht.",,site/modules/FrontendLoginRegister/FrontendLoginRegister.module,1df26eee6f80d98c1ec1689177643c75
"Inherit from FrontendForms","Von FrontendForms übernehmen",,site/modules/FrontendLoginRegister/FrontendLoginRegister.module,5bfe6a369b802afdb9bb4909ac726c2d
Yes,Ja,,site/modules/FrontendLoginRegister/FrontendLoginRegister.module,93cba07454f06a4a960172bbd6e2a435
No,Nein,,site/modules/FrontendLoginRegister/FrontendLoginRegister.module,bafd7322c6e97d25b6299b5d6fe8920b
"Hide checkbox next to the password fields, which allows you to display the password in plain text.","Die Checkbox, welche es ermöglicht das Passwort im Klartext anzeigen zu lassen, neben alle Passwortfeldern nicht anzeigen.",,site/modules/FrontendLoginRegister/FrontendLoginRegister.module,8934c484186afcbadb6e2239d072fec5
"Hide the checkbox beside the password fields","Die Checkbox neben den Passwortfeldern nicht anzeigen",,site/modules/FrontendLoginRegister/FrontendLoginRegister.module,f17d53beaafba6df586480be94fca2f1
"By default, a checkbox is displayed next to each password field that allows you to view the password in plain text. If you select this check box, you can disable this behavior.","Standardmäßig wird neben jedem Passwortfeld eine Checkbox angezeigt, mit dem Sie das Kennwort im Klartext anzeigen lassen können. Wenn Sie diese Checkbox aktivieren, können Sie dieses Verhalten deaktivieren.",,site/modules/FrontendLoginRegister/FrontendLoginRegister.module,e1da7ac4c63a4454a17697f66e2588a7
"Login settings",Anmelde-Einstellungen,,site/modules/FrontendLoginRegister/FrontendLoginRegister.module,c50bcdf91916f47e39976a3fc267faae
"Userdata for login","Benutzerdaten für die Anmeldung",,site/modules/FrontendLoginRegister/FrontendLoginRegister.module,397135ffd1127e35c2bfda9db3d3b42f
"Login with email and password","Anmeldung mit E-Mail und Passwort",,site/modules/FrontendLoginRegister/FrontendLoginRegister.module,f3d57aeef905677f6e19ce929fcd712f
"Login with username and password","Anmeldung mit Benutzername und Passwort",,site/modules/FrontendLoginRegister/FrontendLoginRegister.module,94202bc85f56af32d436b77d93d9dbbc
"Select your preferred login type.","Wählen Sie Ihre bevorzugte Anmeldungsart aus.",,site/modules/FrontendLoginRegister/FrontendLoginRegister.module,df88308225dac267f44a693b35b3018a
Redirection,Weiterleitung,,site/modules/FrontendLoginRegister/FrontendLoginRegister.module,1b6498e23a3c43775699129e7ebfcfeb
"Redirect to the previous visited page","Zur vorher besuchten Seite zurückleiten",,site/modules/FrontendLoginRegister/FrontendLoginRegister.module,65dd73c83c2861859ab887694e610f9c
"Select the page where you want to redirect after successful login.","Wählen Sie die Seite aus, zu welcher nach einer erfolgreichen Anmeldung weitergeleitet werden soll.",,site/modules/FrontendLoginRegister/FrontendLoginRegister.module,3149f517a20eae63b8080d48da6a13e9
"2-factor authentication",2-Faktor-Authentifizierung,,site/modules/FrontendLoginRegister/FrontendLoginRegister.module,30be142d5d4aba22664ae71bcd0d9aaa
"Enable 2-factor authentication","2-Faktor-Authentifizierung aktivieren",,site/modules/FrontendLoginRegister/FrontendLoginRegister.module,f4ea6c5bde3fa3e70ec00b3c66027b08
"If the box is checked, then TfaEmail will be used as 2-factor authentication.","Wenn die Box markiert ist, dann wird TfaEmail als 2-Faktor-Authentifizierung verwendet.",,site/modules/FrontendLoginRegister/FrontendLoginRegister.module,b28a8a1b2ebf7a13d6362716ce63f29a
"TfaEmail is not installed. To use this feature you have to download and install %s first.","TfaEmail ist nicht installiert. Um diese Anwendung nutzen zu können müssen Sie zuerst %s herunterladen und installieren.",,site/modules/FrontendLoginRegister/FrontendLoginRegister.module,a6a47851203dc0f6d84c746b6908aac9
"TfaEmail is installed. For higher security it is recommended to use 2-factor authentication.","TfaEmail ist installiert. Für eine höhere Sicherheit ist es empfohlen die 2-Faktor-Authentifizierung zu verwenden.",,site/modules/FrontendLoginRegister/FrontendLoginRegister.module,ed4fc5b7518c37d1dc5cd23229fcacaf
"Registration settings",Registrierungs-Einstellungen,,site/modules/FrontendLoginRegister/FrontendLoginRegister.module,8ca20688cf389baadf97cd060447734c
"Sending reminder email","Erinnerungs-Mail senden",,site/modules/FrontendLoginRegister/FrontendLoginRegister.module,cb1c96db701686d4a52af99ff4137611
"Enter a period of time in days after which an email will be sent to the user to remind him to activate his account, if the activation is still pending.","Geben Sie einen Zeitraum in Tagen ein, nach dem eine E-Mail an den Benutzer gesendet wird, um ihn daran zu erinnern, sein Konto zu aktivieren, falls die Aktivierung noch aussteht.",,site/modules/FrontendLoginRegister/FrontendLoginRegister.module,08f96f69ff93088edfc75cb673069a23
"If you want to disable this feature, set the value to 0.","Wenn Sie diese Funktion deaktivieren möchten, dann geben Sie bitte den Wert 0 ein.",,site/modules/FrontendLoginRegister/FrontendLoginRegister.module,36ac4b7e47c0e3c184f7763ff48197e0
"Delete inactive account","Inaktiven Account löschen",,site/modules/FrontendLoginRegister/FrontendLoginRegister.module,991a26932c5a8d68e7149cae353cd906
"Enter a period of time in days after which the user account will be deleted %s and the account verification is still pending.","Geben Sie einen Zeitraum in Tagen ein, nach dem das Benutzerkonto gelöscht wird %s und die Kontobestätigung noch immer ausständig ist.",,site/modules/FrontendLoginRegister/FrontendLoginRegister.module,5eb3fe131298728186b065e9d7dc1b18
", after the reminder mail has been sent",", nachdem eine Erinnerungsmail gesendet wurde",,site/modules/FrontendLoginRegister/FrontendLoginRegister.module,f96d57ee423376f2bb4cb1b230a81a39
"Disable sending of the deletion confirmation email","Deaktivieren Sie den Versand der Löschbestätigungs-E-Mails",,site/modules/FrontendLoginRegister/FrontendLoginRegister.module,fa0af6924ba6cdc289b2594fef1ee2aa
"Disable sending the email","Deaktivieren Sie den Versand der E-Mail",,site/modules/FrontendLoginRegister/FrontendLoginRegister.module,6dbcfc63109a23ea4bff2b1bab87c04b
"Usually a user will be informed via email after his unverified account has been deleted. By checking the box, the sending of the email after account deletion will be disabled.","Normalerweise wird ein Benutzer per E-Mail informiert, nachdem sein nicht bestätigtes Konto gelöscht wurde. Wenn Sie das Kontrollkästchen aktivieren, wird der Versand der E-Mail nach der Kontolöschung deaktiviert.",,site/modules/FrontendLoginRegister/FrontendLoginRegister.module,476567a09713051a7b1258a60c06fdb8
Roles,Rollen,,site/modules/FrontendLoginRegister/FrontendLoginRegister.module,a5cd3ed116608dac017f14c046ea56bf
"Select the role(s) which should be added to newly registered users.","Wählen Sie die Rolle(n) aus, welche einem neu registrierten Benutzer zugewiesen werden sollen.",,site/modules/FrontendLoginRegister/FrontendLoginRegister.module,fb006e4ada7f7ff5a3ece9e053779372
"Please select which fields should be displayed on the frontend registration form.","Bitte wählen Sie aus, welche Eingabe-Felder im Registrierungs-Formular im Frontend angezeigt werden sollen.",,site/modules/FrontendLoginRegister/FrontendLoginRegister.module,80c53233639ee052db80d2cfa861dbc5
"Add privacy text or privacy checkbox to the form","Datenschutztext oder Datenschutz-Checkbox zum Formular hinzufügen",,site/modules/FrontendLoginRegister/FrontendLoginRegister.module,52b7eac43569326f5fd14232ef8c8994
"Select if you want to show a privacy text only or a privacy checkbox above the submit button","Wählen Sie aus, ob Sie nur einen Datenschutztext oder eine Datenschutz-Checkbox über der Schaltfläche ""Senden"" anzeigen möchten.",,site/modules/FrontendLoginRegister/FrontendLoginRegister.module,f25ff33f3e8c3f873dc85b3a401809eb
"Do not show anything","Nichts anzeigen",,site/modules/FrontendLoginRegister/FrontendLoginRegister.module,89ca52172700db318a89a30e1b677ddc
"Show checkbox","Checkbox anzeigen",,site/modules/FrontendLoginRegister/FrontendLoginRegister.module,0e99c9e8c94dc2a1c42561e4862923ae
"Show text","Text anzeigen",,site/modules/FrontendLoginRegister/FrontendLoginRegister.module,823dbdeca8e8e353dde97aa7708ff251
"You can disable the display of the privacy text/checkbox, but you should be aware that this may lead to legal consequences if a privacy notice is required in your country.","Sie können die Anzeige des Datenschutztextes bzw. des Kontrollkästchens deaktivieren, aber Sie sollten sich darüber im Klaren sein, dass dies zu rechtlichen Konsequenzen führen kann, wenn in Ihrem Land ein Datenschutzhinweis erforderlich ist.",,site/modules/FrontendLoginRegister/FrontendLoginRegister.module,57e0942ea0dc40513cfa36f66cf8a29c
"Account settings",Konto-Einstellungen,,site/modules/FrontendLoginRegister/FrontendLoginRegister.module,8af703b2bf59cc9742883ae7f4cb0e5b
"Account deletion",Konto-Löschung,,site/modules/FrontendLoginRegister/FrontendLoginRegister.module,dee12d83249dd7abd9012ae73fc3b012
"Allow users to delete their account","Nutzer erlauben deren Account zu löschen",,site/modules/FrontendLoginRegister/FrontendLoginRegister.module,26f7656eed87edec09b69c177ac8f5df
"If the box is checked, the user gets the opportunity to delete his account on his profile page if he is logged in.","Wenn die Box markiert ist, dann geben Sie Nutzern die Möglichkeit deren Account auf der Profilseite zu löschen, wenn sie angemeldet sind.",,site/modules/FrontendLoginRegister/FrontendLoginRegister.module,0d60bdf6d55fc598e211467ed4746c8a
"Allow public deletion of a user account","Öffentliches Löschen eines Benutzerkontos zulassen",,site/modules/FrontendLoginRegister/FrontendLoginRegister.module,e9c1667d224ab93d8e1dc721a8d0c369
"Make the account deletion page publicly available","Machen Sie die Seite zum Löschen von Benutzer-Konten öffentlich zugänglich",,site/modules/FrontendLoginRegister/FrontendLoginRegister.module,8a97a0f7124856a423cdb18368f32976
"Check the checkbox to allow users to delete their account without being logged in by making the deletion page public reachable.","Aktivieren Sie das Kontrollkästchen, um Benutzern die Löschung ihres Kontos ohne vorherige Anmeldung zu ermöglichen, indem Sie die Seite zum Löschen des Kontos öffentlich zugänglich machen.",,site/modules/FrontendLoginRegister/FrontendLoginRegister.module,36b494577995cd32d730ba0d9730b7a5
"For security reasons, the user account deletion page is accessible by default only when the user is logged in. If you would like to make this page publicly accessible, please tick the box.","Aus Sicherheitsgründen ist die Seite zum Löschen des Benutzerkontos standardmäßig nur zugänglich, wenn der Benutzer angemeldet ist. Wenn Sie diese Seite öffentlich zugänglich machen möchten, setzen Sie bitte ein Häkchen.",,site/modules/FrontendLoginRegister/FrontendLoginRegister.module,85f44fd582851ba61c660a301d2d508f
"Please select which fields should be displayed on the frontend profile form.","Bitte wählen Sie aus, welche Eingabe-Felder im Profil-Formular im Frontend angezeigt werden sollen.",,site/modules/FrontendLoginRegister/FrontendLoginRegister.module,328d2bdc9e3ec2b9c7d5277ddcf198ba
"Texts for the mails that are sent with this module","Texte für die Mails, welche mit diesem Module gesendet werden",,site/modules/FrontendLoginRegister/FrontendLoginRegister.module,068b5505c56e3797dd4116db3a0bdf91
"These fields contain the texts for the emails which will be send by this module. You can adapt them to your needs.","Diese Felder enthalten die Texte für die E-Mails, die von diesem Modul versendet werden. Sie können sie an Ihre Bedürfnisse anpassen.",,site/modules/FrontendLoginRegister/FrontendLoginRegister.module,86306b32cd18f807fbc1430286caf867
"Text for the verification email","Text für die Bestätigungs-E-Mail",,site/modules/FrontendLoginRegister/FrontendLoginRegister.module,8562c4895db1bff6571321ffa71eb818
"Please enter the text for the confirmation email in which the user will receive a confirmation link to activate his account.","Bitte geben Sie den Text für die Bestätigungs-E-Mail ein, in der der Benutzer einen Bestätigungslink zur Aktivierung seines Kontos erhält.",,site/modules/FrontendLoginRegister/FrontendLoginRegister.module,9677c6c6ac6d16d352ae1fad218104e3
"The domain of your site (fe http://mysite.com).","Die Domain Ihrer Website (z.B. http://mysite.com).",,site/modules/FrontendLoginRegister/FrontendLoginRegister.module,2466c422a1019a09110a014ddd9f16fd
"Outputs the current date and time (fe 02-01-2023 09:54).","Gibt das aktuelle Datum und die Uhrzeit aus (z.B. 02.01.2023 09:54).",,site/modules/FrontendLoginRegister/FrontendLoginRegister.module,0e94692901a0522b74ba7ef0cc9abdfd
"Link which contains the verification code to activate the account.","Link, der den Verifizierungscode zur Aktivierung des Kontos enthält.",,site/modules/FrontendLoginRegister/FrontendLoginRegister.module,fb2d3896a943b6998be806a875bdefa1
"Link to delete the account if user has not registered for an account.","Link zum Löschen des Benutzer-Kontos, wenn der der Nutzer sich nicht für ein Konto registriert hat.",,site/modules/FrontendLoginRegister/FrontendLoginRegister.module,a5c43c242c06a167d0a50f49c74775ee
"You can adapt the text to your needs, but the placeholder [[VERIFICATIONLINK]] must be present inside the text, because it contains the link to verify the account.","Sie können den Text an Ihre Bedürfnisse anpassen, aber der Platzhalter [[VERIFICATIONLINK]] muss innerhalb des Textes vorhanden sein, da er den Link zur Verifizierung des Kontos enthält.",,site/modules/FrontendLoginRegister/FrontendLoginRegister.module,9152be9a4df99e514d428de720cff37d
"All other placeholders are optional.","Alle andere Platzhalter sind optional.",,site/modules/FrontendLoginRegister/FrontendLoginRegister.module,7b0a49360661d1cace921b82aa1769e2
"Text for the email including the TFA code","Text für die E-Mail, welche den TFA-Code enthält",,site/modules/FrontendLoginRegister/FrontendLoginRegister.module,07c2bfe28dda20d02c219c1fba43d0b9
"Enter the text for the email which contains the TFA code if TFA is enabled.","Geben Sie den Text für die E-Mail ein, welche den TFA-Code enthält, wenn TFA aktiviert ist.",,site/modules/FrontendLoginRegister/FrontendLoginRegister.module,4296d65b5abb0bb3236fcf75bc09a25a
"The TFA-code, that has to be entered on the login form to log.","Der TFA-Code, der im Anmeldeformular eingegeben werden muss, um sich anzumelden.",,site/modules/FrontendLoginRegister/FrontendLoginRegister.module,9056674cdd92808a3e4eb84d6d5417d9
"The time the code is valid including the unit (fe 5 minutes).","Die Zeit, wie lange der Code gültig ist inklusive der Einheit (z.B. 5 Minuten)",,site/modules/FrontendLoginRegister/FrontendLoginRegister.module,801ba69a6d79564d11d6299101de9ea4
"The placeholder [[TFACODE]] must be present inside the text, because it contains the TFA code.","Der Platzhalter [[TFACODE]] muss innerhalb des Textes vorhanden sein, da er den TFA-Code enthält.",,site/modules/FrontendLoginRegister/FrontendLoginRegister.module,3d4193d81dc2e09e4acbd18bacdebbad
"Text for the reminder email","Text für die Erinnerungs-E-Mail",,site/modules/FrontendLoginRegister/FrontendLoginRegister.module,469d4e78ee52857c34db2d072d56eac4
"Enter the text for the reminder email, which will be send to the user if the account verification is still pending.","Geben Sie den Text für die Erinnerungs-E-Mail ein, die an den Benutzer gesendet wird, wenn die Kontoverifizierung noch aussteht.",,site/modules/FrontendLoginRegister/FrontendLoginRegister.module,92bfbaf2d6a1235ae01adb46dcf6dfcd
"The date of the registration.","Das Datum der Registrierung.",,site/modules/FrontendLoginRegister/FrontendLoginRegister.module,ead0f7449d2f51298f3d2b100147c0e0
"The date where an unverified account will be deleted.","Das Datum, an dem ein nicht bestätigtes Konto gelöscht wird.",,site/modules/FrontendLoginRegister/FrontendLoginRegister.module,ee33159775576e5d6d7ae1b54a91871b
"The placeholder [[VERIFICATIONLINK]] must be present inside the text, because it contains the link to verify the account.","Der Platzhalter [[VERIFICATIONLINK]] muss innerhalb des Textes vorhanden sein, da er den Link zur Verifizierung des Kontos enthält.",,site/modules/FrontendLoginRegister/FrontendLoginRegister.module,460cf3482aad9be68ed54fa5ba91b3ff
"Text for the password forgotten email","Text für die Passwort-Vergessen-E-Mail",,site/modules/FrontendLoginRegister/FrontendLoginRegister.module,eece2e3b51dd959651a7f3d05692e464
"Enter the text for the mail which contains a link to reset the password, if the user has forgotten his login data.","Geben Sie den Text für die Mail ein, die einen Link zum Zurücksetzen des Passworts enthält, falls der Benutzer seine Zugangsdaten vergessen hat.",,site/modules/FrontendLoginRegister/FrontendLoginRegister.module,aa792f6ec3a6499f8c491886109f5f09
"Text used depends on your settings: could be either password  or username and password.","Der verwendete Text hängt von Ihren Einstellungen ab: Er kann entweder ein Passwort oder ein Benutzername und ein Passwort sein.",,site/modules/FrontendLoginRegister/FrontendLoginRegister.module,3115278f799c681c19f29ffdd914431c
"Link which contains the recover code to create new login data for the account.","Link, der den Wiederherstellungscode enthält, um neue Anmeldedaten für das Konto zu erstellen.",,site/modules/FrontendLoginRegister/FrontendLoginRegister.module,f502495829aa445090d4751a53c80ad8
"The placeholder [[RECOVERPASSWORDLINK]] must be present inside the text, because it contains the link to create a new password.","Der Platzhalter [[RECOVERPASSWORDLINK]] muss innerhalb des Textes vorhanden sein, da er den Link zum Erstellen eines neuen Passworts enthält.",,site/modules/FrontendLoginRegister/FrontendLoginRegister.module,2bd0d10c8607fb23fa12a6120089a75a
"Text for the delete account email","Text für die E-Mail zum Löschen des Kontos",,site/modules/FrontendLoginRegister/FrontendLoginRegister.module,3ab7d87f27e22f677d7edee825f58ee5
"Enter the text for the email, which contains a link to delete the account.","Geben Sie den Text für die E-Mail ein, die einen Link zum Löschen des Kontos enthält.",,site/modules/FrontendLoginRegister/FrontendLoginRegister.module,c6b312b88880da51f94725b59d11dbf4
"Link which contains the deletion code to delete the account permanently.","Link, der den Löschungscode enthält, um das Konto endgültig zu löschen.",,site/modules/FrontendLoginRegister/FrontendLoginRegister.module,ebefeb80d179992a15e7f75f9c1a4919
"The placeholder [[DELETEACCOUNTLINK]] must be present inside the text, because it contains the link to delete the account.","Der Platzhalter [[DELETEACCOUNTLINK]] muss innerhalb des Textes vorhanden sein, da er den Link zum Löschen des Kontos enthält.",,site/modules/FrontendLoginRegister/FrontendLoginRegister.module,00126d3192c06e04aecfc5e0aadbfb23
"Text for the deletion confirmation account email","Text für E-Mail, welche die Information zur Bestätigung der Löschung des Kontos beinhaltet",,site/modules/FrontendLoginRegister/FrontendLoginRegister.module,c070d5f7a2e51f43c0fc89d0f07a2df3
"Enter the text for the email, that will be send to the user after successful deletion of his account.","Geben Sie den Text für die E-Mail ein, die dem Benutzer nach erfolgreicher Löschung seines Kontos zugesandt wird.",,site/modules/FrontendLoginRegister/FrontendLoginRegister.module,ab907baef538f64963d34e16888ea018
"The URL to the registration page.","Die URL zur Registrierungsseite.",,site/modules/FrontendLoginRegister/FrontendLoginRegister.module,5da8ee36fbf1e5c8a2ae5a7c7228b6fa
"Text for the unlock account email","Text für E-Mail zur Entsperrung des Benutzerkontos",,site/modules/FrontendLoginRegister/FrontendLoginRegister.module,8d0d88318f778ae6f815a0dabcf2aec3
"Enter the text for the email, that will be send to the user after the account was locked.","Geben Sie den Text für die E-Mail ein, welche zu einem Nutzer gesendet wird nachdem sein Konto gesperrt wurde",,site/modules/FrontendLoginRegister/FrontendLoginRegister.module,e133c9068e9265df2dd421653af9af9c
"Depends on your settings: could be either email or username.","Hängt von Ihren Einstellungen ab: Kann entweder die E-Mail Adresse oder der Benutzername sein.",,site/modules/FrontendLoginRegister/FrontendLoginRegister.module,51e885f5870856524ff3828b48e8e933
"Link which contains the unlock code to unlock the account if it was locked after to much failed login attempts.","Link, der den Freischaltcode enthält, um das Konto zu entsperren, wenn es nach zu vielen fehlgeschlagenen Anmeldeversuchen gesperrt wurde.",,site/modules/FrontendLoginRegister/FrontendLoginRegister.module,adda571b6801bf339ac105d8a60bf8ed
"The placeholder [[UNLOCKACCOUNTLINK]] must be present inside the text, because it contains the link unlock the account.","Der Platzhalter [[UNLOCKACCOUNTLINK]]  muss im Text vorhanden sein, da er den Link zum Entsperren des Kontos beinhaltet.",,site/modules/FrontendLoginRegister/FrontendLoginRegister.module,3f4a9d21490fca7b0035eb68b3199b1f
"List of all additional placeholders, which can be used in the email texts","Liste aller zusätzlichen Platzhalter, welche in den Email Texten verwendet werden können",,site/modules/FrontendLoginRegister/FrontendLoginRegister.module,402a1824266ea385c5e77bfcc22afbb5
"If you want, you can use any of the following placeholders in your email texts.","Wenn Sie möchten, können Sie jeden der folgenden Platzhalter in Ihren E-Mail-Texten verwenden.",,site/modules/FrontendLoginRegister/FrontendLoginRegister.module,5fd47edee5fb7ed41a078abb9c9b621f
"Email settings","E-Mail Einstellungen",,site/modules/FrontendLoginRegister/FrontendLoginRegister.module,5386484801d01d2ece73fbc5f605f739
"Email HTML template","E-Mail HTML-Vorlage",,site/modules/FrontendLoginRegister/FrontendLoginRegister.module,68fe21d1830d41680d6ccb3235ae4803
"Please select an email template.","Bitte wählen Sie eine E-Mail Vorlage aus.",,site/modules/FrontendLoginRegister/FrontendLoginRegister.module,dee5cc8e11f9dd3e06cf25eff32b5ea3
"From email address","Absender E-Mail Adresse",,site/modules/FrontendLoginRegister/FrontendLoginRegister.module,6f6da7aec649851c977b6bf4e083977d
"This email address will be displayed as the sender of the emails sent by this module.","Diese E-Mail Adresse wird als Absender-Adresse bei den E-Mails verwendet, welche von diesem Modul verschickt werden.",,site/modules/FrontendLoginRegister/FrontendLoginRegister.module,0482d6e0f2a909850d26e7da6b7b2e33
"From name","Absender Name",,site/modules/FrontendLoginRegister/FrontendLoginRegister.module,c3a7ea0c38bac179a545dbfaf4ebb013
"fe. My company","z.B. Meine Firma",,site/modules/FrontendLoginRegister/FrontendLoginRegister.module,8eea8281628fde6ba6c3589554795bd2
"This name will be displayed as the sender of the emails sent by this module.","Diese Name wird als Absender bei den E-Mails verwendet, welche von diesem Modul verschickt werden.",,site/modules/FrontendLoginRegister/FrontendLoginRegister.module,b42205d93dbb06d2df7d25582ce08d22
"If no sender name will be entered, than %s will be used as the sender name.","Wenn kein Name eingegeben wurden, dann wird stattdessen %s als Absender-Name verwendet.",,site/modules/FrontendLoginRegister/FrontendLoginRegister.module,0b898628f6b1cbdef5dc423b7095016c
"Profile image settings","Profilbild Einstellungen",,site/modules/FrontendLoginRegister/FrontendLoginRegister.module,9856d52777e7412a5a513b30ec9ef55e
"Profile image size","Profilbild Größe",,site/modules/FrontendLoginRegister/FrontendLoginRegister.module,2f6588ea77f396b18268f573588a804b
"Please specify the desired size of the profile image as it should be displayed on the profile page.","Bitte geben Sie die gewünschte Größe des Profilbildes an, wie es auf der Profilseite angezeigt werden soll.",,site/modules/FrontendLoginRegister/FrontendLoginRegister.module,36c0d698080c855ab2baa2d9d3d736d8
"Please enter width and height of the image in px separated by a comma (fe 200,300) for a rectangular image or one value (fe 100) for a squared image.","Bitte geben Sie für ein rechteckiges Bild die Breite und Höhe des Bildes in px durch ein Komma getrennt ein (z.B 200,300) oder einen einzelnen Wert (z.B. 100) für ein quadratisches Bild.",,site/modules/FrontendLoginRegister/FrontendLoginRegister.module,7ee9462371378bc060d017bc5ab276ea
"Set allowed max file size","Geben Sie die max Dateigröße ein",,site/modules/FrontendLoginRegister/FrontendLoginRegister.module,c2bfc697bee27cd6441d07365f619936
"If you want to restrict the max file size of uploaded images, please enter a value in kB.","Wenn Sie die maximale Dateigröße der hochgeladenen Bilder begrenzen möchten, geben Sie bitte einen Wert in kB ein.",,site/modules/FrontendLoginRegister/FrontendLoginRegister.module,9cfe1b3e9c3f486d1d9ee2f5e8a28577
"0 means no restrictions.","0 bedeutet keine Einschränkungen.",,site/modules/FrontendLoginRegister/FrontendLoginRegister.module,64c99c1b059d4a4e7301be2400757709
"Disable php.ini max filesize validation","Validierung von php.ini max-filesize deaktivieren",,site/modules/FrontendLoginRegister/FrontendLoginRegister.module,a8de457b2f918d7c83304dd2d93877f6
"Disable check against php.ini max filesize","Die Überprüfung von php.ini max-filesize unterbinden",,site/modules/FrontendLoginRegister/FrontendLoginRegister.module,015fa2c665983a378c32a44c6418bd04
"By default, the size of the uploaded image is compared to the maximum allowed filesize as set inside the php.ini file. If you want to disable the check, please tick the box.","Standardmäßig wird die Größe des hochgeladenen Bildes mit der maximal zulässigen Dateigröße verglichen, die in der Datei php.ini festgelegt ist. Wenn Sie die Überprüfung deaktivieren möchten, setzen Sie bitte ein Häkchen in das Kästchen.",,site/modules/FrontendLoginRegister/FrontendLoginRegister.module,8cdc883542abcd1410c02fb6f2401059
"In some cases, it may be necessary to disable this check. Especially if you are in a development environment (fe XAMPP, WAMPP,..) and the maximum file size allowed is very small.","In einigen Fällen kann es notwendig sein, diese Prüfung zu deaktivieren. Insbesondere, wenn Sie sich in einer Entwicklungsumgebung befinden (z.B XAMPP, WAMPP,..) und die maximal zulässige Dateigröße sehr klein ist.",,site/modules/FrontendLoginRegister/FrontendLoginRegister.module,dff9c99dcc3efa7d316eea9c813b9548
"Custom class for the image tag","Benutzerdefinierte Klasse für den Bild-Tag",,site/modules/FrontendLoginRegister/FrontendLoginRegister.module,8de54c75177179d272fe06d894266e14
"Add further CSS classes to the image tag of the profile image separated by a white-space.","Fügen Sie weitere CSS-Klassen durch Leerzeichen getrennt für den Image-Tag des Profilbildes ein.",,site/modules/FrontendLoginRegister/FrontendLoginRegister.module,a6d9f151057228693382cd0ff8f1ffdf
"By default, the image tag contains the CSS class ""profile-image"", but if you use fe a CSS-framework, you can add further classes to style the image.","Standardmäßig enthält der Bild-Tag die CSS-Klasse ""profile-image"", aber wenn Sie beispielsweise ein CSS-Framework verwenden, können Sie weitere Klassen hinzufügen, um das Bild zu gestalten.",,site/modules/FrontendLoginRegister/FrontendLoginRegister.module,a8f3ab0dd7779e55e93b7cb0ffc21a65
"Custom class for the positioning container","Benutzerdefinierte Klasse für den Positionierungscontainer",,site/modules/FrontendLoginRegister/FrontendLoginRegister.module,144ebb595f72c73fd10b73d1c9a7b670
"Add further CSS classes to the outer div container of the profile image separated by a white-space.","Fügen Sie weitere CSS-Klassen durch ein Leerzeichen getrennt für den äußeren div-Container des Profilbildes ein.",,site/modules/FrontendLoginRegister/FrontendLoginRegister.module,c8f5eb198e640cbad437733fc078fe2f
"By default, this div container contains the CSS class ""positioning-container"" and is especially designed to position the image (left, center, right). If you are using a CSS framework, you can add your custom classes to position the image.","Dieser div-Container enthält standardmäßig die CSS-Klasse ""positioning-container"" und ist speziell für die Positionierung des Bildes (links, mittig, rechts) vorgesehen. Wenn Sie ein CSS-Framework verwenden, können Sie Ihre eigenen Klassen hinzufügen, um das Bild zu positionieren.",,site/modules/FrontendLoginRegister/FrontendLoginRegister.module,6023fd7cec17886ba841058c2e3118e4
"Remove stylesheets and scripts","Stylesheets und Skripte entfernen",,site/modules/FrontendLoginRegister/FrontendLoginRegister.module,0b6d45e98b7b1d82cb6fd88cedff9ce0
"JavaScript setting","Javascript Einstellung",,site/modules/FrontendLoginRegister/FrontendLoginRegister.module,357853c882146f370f895e57c5dd3f52
"Remove frontendloginregister.js from the template","Die Datei frontendloginregister.js aus der Vorlage entfernen",,site/modules/FrontendLoginRegister/FrontendLoginRegister.module,32162e094b5137592b46811fcdb1408a
"A small JavaScript, which will be needed for some features of the module, will added before the closing body tag on the frontend by default . You can remove the embedding of the script file by checking the box.","Ein kleines JavaScript, das für einige Funktionen des Moduls benötigt wird, wird standardmäßig vor dem schließenden Body-Tag im Frontend eingefügt. Sie können die Einbettung der Skriptdatei verhindern, indem Sie das Kontrollkästchen aktivieren.",,site/modules/FrontendLoginRegister/FrontendLoginRegister.module,356a30ec2958824a1f27a2919821c62d
"CSS setting",CSS-Einstellung,,site/modules/FrontendLoginRegister/FrontendLoginRegister.module,6bfa90ae9f841ec2adedb46975347afd
"Remove frontendloginregister.css from the template","Die Datei frontendloginregister.css aus der Vorlage entfernen",,site/modules/FrontendLoginRegister/FrontendLoginRegister.module,6960773de7f19a2a725d64a66cc60741
"A small CSS file for the forms will be added to the template by default. You can remove the embedding of the CSS file by checking the box.","Eine kleine CSS-Datei für die Formulare wird der Vorlage standardmäßig hinzugefügt. Sie können die Einbettung der CSS-Datei verhindern, indem Sie das Kontrollkästchen aktivieren.",,site/modules/FrontendLoginRegister/FrontendLoginRegister.module,a0a34efcb7026e3f77c8e54472b84fd8
"You have chosen the login with username and password. Therefore, it is not necessary, but recommended to include the username field in the profile form as well.","Sie haben die Anmeldung mit Benutzernamen und Passwort gewählt. Daher ist es nicht erforderlich, aber empfehlenswert, das Feld Benutzername auch in das Profilformular einzufügen.",,site/modules/FrontendLoginRegister/FrontendLoginRegister.module,c5e4f5aabbf40308e472cc8fb519f47b
Username,Benutzername,,site/modules/FrontendLoginRegister/FrontendLoginRegister.module,f6039d44b29456b20f8f373155ae4973
"Fields of the registration form","Felder des Registrierungsformulars",,site/modules/FrontendLoginRegister/FrontendLoginRegister.module,17205fcab94ebacb63fd0f1a2f1625f9
"Email and password field are mandatory and have to be included in the form fields. All other fields are optional.","Das E-Mail- und Passwortfeld sind Pflichtfelder und müssen in den Formularfeldern enthalten sein. Alle anderen Felder sind optional.",,site/modules/FrontendLoginRegister/FrontendLoginRegister.module,7c3c830dd1354cd3e57886538aa6c659
"Email, username and password field are mandatory and have to be included in the form fields. All other fields are optional.","Das E-Mail-, Benutzername- und Passwortfeld sind Pflichtfelder und müssen in den Formularfeldern enthalten sein. Alle anderen Felder sind optional.",,site/modules/FrontendLoginRegister/FrontendLoginRegister.module,8eef8846de9eed399b71a9df194652ff
"Fields of the profile form","Felder des Profilformulars",,site/modules/FrontendLoginRegister/FrontendLoginRegister.module,a2ee3fbf583f0510f5754803ec638190
"It is recommended to include at least email and password field.","Es wird empfohlen mindestens das E-Mail- und Passwordfeld auszuwählen.",,site/modules/FrontendLoginRegister/FrontendLoginRegister.module,eec58268aa178fa116ba54e6c552114f
"It is recommended to include at least email, username and password field.","Es wird empfohlen mindestens das E-Mail-,  Benutzername- und Passwordfeld auszuwählen.",,site/modules/FrontendLoginRegister/FrontendLoginRegister.module,dfe677e63d44bffb6f2dbd1e298b0508
"The status of the account deletion page has been set to public.","Der Status der Seite zum Löschen des Kontos wurde auf öffentlich gesetzt.",,site/modules/FrontendLoginRegister/FrontendLoginRegister.module,fac5ad60ca3d2b2785bda829fc90d72d
"The public status of the account deletion page has been removed again.","Der öffentliche Status der Seite zum Löschen des Benutzerkontos wurde wieder entfernt.",,site/modules/FrontendLoginRegister/FrontendLoginRegister.module,d2e4ec678579cc363328190cd88b86e1
"Field email was set to unique, because this is necessary for sending emails to the right user.","Das E-Mail Feld wurde auf unique gesetzt, da dies für das Senden von E-Mails notwendig ist.",,site/modules/FrontendLoginRegister/FrontendLoginRegister.module,207d9f1e507bf62843b1d84d689c0148
"The following fields have to be added to the form field ""%s"": %s","Die folgenden Felder müssen zum Eingabefeld ""%s"" hinzugefügt werden: %s",,site/modules/FrontendLoginRegister/FrontendLoginRegister.module,f79c07e6117fb91612af56d2469a68f1
"It is not required, but recommended to include the following fields to the form field ""%s"" too: %s","Es ist nicht unbedingt erforderlich, aber empfohlen die folgenden Felder zum Eingabefeld ""%s"" hinzuzufügen: %s",,site/modules/FrontendLoginRegister/FrontendLoginRegister.module,389e14351e62950fc2abf37611b22254
Days,Tage,,site/modules/FrontendLoginRegister/FrontendLoginRegister.module,e807d3ccf8d24c8c1a3d86db5da78da8
"According to your settings, an unverified user account will be deleted %s day(s) after the registration.","Entsprechend Ihrer Einstellungen wird ein nicht bestätigtes Benutzerkonto nach %s Tag(en) gelöscht.",,site/modules/FrontendLoginRegister/FrontendLoginRegister.module,81ab11fbe84d59b70b91cfa26e671874
kB,=,,site/modules/FrontendLoginRegister/FrontendLoginRegister.module,3e56c011b37f0bc78fb9eb175c1181c6
en,de,description,file,hash
"I have registered for an account - activate my account now","Ich habe mich für einen Account registriert - Meinen Account jetzt aktivieren",,site/modules/FrontendLoginRegister/pages/FrontendLoginRegisterPages.php,8c81405575ad2673b1ca89ebcd7125ad
"I have not registered for an account - delete the account","Ich habe mich nicht für einen Account registriert - Diesen Account jetzt löschen",,site/modules/FrontendLoginRegister/pages/FrontendLoginRegisterPages.php,c6a483b1849ccedc51f459b897bd48bc
"Action required to activate your account","Aktion erforderlich zur Aktivierung Ihres Benutzer-Kontos",,site/modules/FrontendLoginRegister/pages/FrontendLoginRegisterPages.php,fc6b228c1c76a11ae16c0ae5cfdd61c8
"Have you forgotten to verify your account?","Haben Sie vergessen, Ihr Benutzer-Konto zu bestätigen?",,site/modules/FrontendLoginRegister/pages/FrontendLoginRegisterPages.php,dd79d2ddc57b56fbb60b6e534495e2b7
"Your account has been deleted","Ihr Benutzer-Konto wurde gelöscht",,site/modules/FrontendLoginRegister/pages/FrontendLoginRegisterPages.php,220d4fb4dc0df6ce398ab2143fe1b991
"Good bye!",Aufwiedersehen!,,site/modules/FrontendLoginRegister/pages/FrontendLoginRegisterPages.php,45dbe67ab9d69929dc41b8bfe83ce764
"A technical problem occurred during the saving of the user data, so the user data could not be saved. Please try it once more. If the problem persists please contact the webmaster of this site.","Beim Speichern der Benutzerdaten ist ein technisches Problem aufgetreten, so dass die Benutzerdaten nicht gespeichert werden konnten. Bitte versuchen Sie es noch einmal. Sollte das Problem weiterhin bestehen, wenden Sie sich bitte an den Webmaster dieser Seite.",,site/modules/FrontendLoginRegister/pages/FrontendLoginRegisterPages.php,c21061f89026131a859929bf526452e4
Login?,Anmelden?,,site/modules/FrontendLoginRegister/pages/FrontendLoginRegisterPages.php,3d60e1651d302a5aaf33325d3f7d6298
"Change password","Password ändern",,site/modules/FrontendLoginRegister/pages/FrontendLoginRegisterPages.php,0b39c5aca15b84b1ad53a94d6b3feb78
"Old password","Altes Passwort",,site/modules/FrontendLoginRegister/pages/FrontendLoginRegisterPages.php,062d2b8bc2cfac7772c75ae8090fb9d1
"New password","Neues Passwort",,site/modules/FrontendLoginRegister/pages/FrontendLoginRegisterPages.php,3544848f820b9d94a3f3871a382cf138
TFA,=,,site/modules/FrontendLoginRegister/pages/FrontendLoginRegisterPages.php,61bca12cd76652bf2fe763b5c4952066
"User image of %s","Profilbild von %s",,site/modules/FrontendLoginRegister/pages/FrontendLoginRegisterPages.php,014fe1878c312d890ced94491f20695c
"Remove this image","Dieses Bild entfernen",,site/modules/FrontendLoginRegister/pages/FrontendLoginRegisterPages.php,73c8a0a1101c3a8b45d2115a99c7c9c7
"Sorry, but no user was found with this code.","Es tut uns leid, aber es wurde kein Nutzer mit diesem Code gefunden.",,site/modules/FrontendLoginRegister/pages/FrontendLoginRegisterPages.php,c0b573f315326f74c6dd9e211f1c5973
en,de,description,file,hash
Cancel,Abbrechen,,site/modules/FrontendLoginRegister/pages/LoginPage.php,ea4788705e6873b424c65e91c2846b19
"Forgot login data?","Zugangsdaten vergessen?",,site/modules/FrontendLoginRegister/pages/LoginPage.php,688a8c015589eb6d8210fa3de138e784
"Forgot password?","Passwort vergessen?",,site/modules/FrontendLoginRegister/pages/LoginPage.php,8458bad978f4fd6d6c7f8ec2ec0824b4
"No Account? Register now!","Noch kein Konto? Jetzt registrieren!",,site/modules/FrontendLoginRegister/pages/LoginPage.php,87a145d11f017601d8d00c49d25bebbb
"your email","Ihre E-Mail-Adresse",,site/modules/FrontendLoginRegister/pages/LoginPage.php,c240f1720ed8361caf329d7e173987fe
"your username","Ihren Benutzernamen",,site/modules/FrontendLoginRegister/pages/LoginPage.php,91fb98e1ac4cf76b7a5b8bae09051e2a
"We have detected suspicious activity on your user account","Es wurden verdächtige Aktivitäten bei Ihren Benutzerkonto festgestellt",,site/modules/FrontendLoginRegister/pages/LoginPage.php,660acb414ea4d0603341716843025c8a
"Action required to unlock your account","Aktion erforderlich, um das Konto zu entsperren",,site/modules/FrontendLoginRegister/pages/LoginPage.php,c66051c0fcf6e7eac451ac787fde3eb6
"We are sorry, but an unexpected error occurred. Please try it once more and if the problem persists, please inform the webmaster of this site.","Es tut uns leid, aber ein unerwarteter Fehler ist aufgetreten. Bitte versuchen Sie es noch einmal und wenn das Problem weiterhin besteht, informieren Sie bitte den Webmaster dieser Seite.",,site/modules/FrontendLoginRegister/pages/LoginPage.php,8f94762382d792b80cf60366d8ce3a0d
month,Monat,,site/modules/FrontendLoginRegister/pages/LoginPage.php,7436f942d5ea836cb84f1bb2527d8286
week,Woche,,site/modules/FrontendLoginRegister/pages/LoginPage.php,172a8327fcd3685ab3c0f740d031da09
day,Tag,,site/modules/FrontendLoginRegister/pages/LoginPage.php,628b7db04235f228d40adc671413a8c8
hour,Stunde,,site/modules/FrontendLoginRegister/pages/LoginPage.php,896c55cc5e46fab38ce9f51ebf7bfcd3
minute,Minute,,site/modules/FrontendLoginRegister/pages/LoginPage.php,0a7d55be9d12a369a6a8da0fb517fba4
second,Sekunde,,site/modules/FrontendLoginRegister/pages/LoginPage.php,a9f0e61a137d86aa9db53465e0801612
months,Monate,,site/modules/FrontendLoginRegister/pages/LoginPage.php,da36cfaf48b9e19896e23e1207040d1e
weeks,Wochen,,site/modules/FrontendLoginRegister/pages/LoginPage.php,ae60f11ab51860bdb22794a943335a34
days,Tage,,site/modules/FrontendLoginRegister/pages/LoginPage.php,44fdec47036f482b68b748f9d786801b
hours,Stunden,,site/modules/FrontendLoginRegister/pages/LoginPage.php,73cdddd7730abfc13a55efb9f5685a3b
minutes,Minuten,,site/modules/FrontendLoginRegister/pages/LoginPage.php,640fd0cc0ffa0316ae087652871f4486
seconds,Sekunden,,site/modules/FrontendLoginRegister/pages/LoginPage.php,783e8e29e6a8c3e22baa58a19420eb4f
and,und,,site/modules/FrontendLoginRegister/pages/LoginPage.php,be5d5d37542d75f93a87094459f76678
"You have to log in to delete your account.","Sie müssen sich anmelden, um Ihr Konto zu löschen.",,site/modules/FrontendLoginRegister/pages/LoginPage.php,ddbbecdf62b05b7c003f1f0619cf57bc
"Your session key is not valid.","Ihr Session-Schlüssel ist nicht gültig.",,site/modules/FrontendLoginRegister/pages/LoginPage.php,d998c10a1ba0988f47024c49eb617b1f
"Your code has expired. Please enter your data once more to get a new code.","Ihr Code ist abgelaufen. Bitte geben Sie Ihre Daten erneut ein, um einen neuen Code zu erhalten.",,site/modules/FrontendLoginRegister/pages/LoginPage.php,4b20e04b5507c13eda2a67468befc92b
"You are now logged in.","Sind sind jetzt angemeldet.",,site/modules/FrontendLoginRegister/pages/LoginPage.php,7accc28b2ac5964e5495d8c5e9c1d158
"The authentication code is not correct.","Der Authentifizierungscode ist nicht korrekt.",,site/modules/FrontendLoginRegister/pages/LoginPage.php,f08d5706520d9748b7a402f98009f405
Send,Senden,,site/modules/FrontendLoginRegister/pages/LoginPage.php,94966d90747b97d1f0f206c98a8b1ac3
"A code has been sent to you by email - please enter it in the input field below.","Ein Code wurde Ihnen per E-Mail zugesendet - bitte geben Sie diesen in das Eingabefeld weiter unten ein.",,site/modules/FrontendLoginRegister/pages/LoginPage.php,9617e082efca9114f99fe77ab37fb6e9
"seconds left","Sekunden übrig",plural,site/modules/FrontendLoginRegister/pages/LoginPage.php,c2d918e53348ee8896137bec79036f84
"second left","Sekunde übrig",singular,site/modules/FrontendLoginRegister/pages/LoginPage.php,1793e600a6822489f25244c196a05085
"This code is valid for %s.","Dieser Code ist für %s gültig.",,site/modules/FrontendLoginRegister/pages/LoginPage.php,e518aa22de7d67d958c444aade71a55f
Login,Anmeldung,,site/modules/FrontendLoginRegister/pages/LoginPage.php,99dea78007133396a7b8ed70578ac6ae
"Dear user! Your account is still blocked! An email with a link to unlock your account has been sent once more to your email address. Please follow the instructions inside the email to unlock your account again.","Lieber Benutzer! Ihr Konto ist immer noch gesperrt! Es wurde erneut eine E-Mail mit einem Link zur Freischaltung Ihres Kontos an Ihre E-Mail-Adresse gesendet. Bitte folgen Sie den Anweisungen in der E-Mail, um Ihr Konto wieder zu entsperren.",,site/modules/FrontendLoginRegister/pages/LoginPage.php,c0ed2d539b54593322434fb2bdd73b32
"Dear user! Your account is still blocked! Due to technical problems an email with the unlock code could not be sent to you. Please try again a little later or contact the webmaster of this site.","Lieber Benutzer! Ihr Konto ist immer noch gesperrt! Aufgrund technischer Probleme konnte eine E-Mail mit dem Freischaltcode nicht an Sie gesendet werden. Bitte versuchen Sie es etwas später noch einmal oder kontaktieren Sie den Webmaster dieser Seite.",,site/modules/FrontendLoginRegister/pages/LoginPage.php,fc986ac381da2e0ac19b503be72fb325
"You have not verified your account yet. To activate your account, please follow the instructions inside the mail we have sent to you. Afterwards, you will be able to log in to the site.","Sie haben Ihr Konto noch nicht bestätigt. Um Ihr Konto zu aktivieren, folgen Sie bitte den Anweisungen in der E-Mail, die wir Ihnen gesendet haben. Anschließend können Sie sich auf der Website anmelden.",,site/modules/FrontendLoginRegister/pages/LoginPage.php,7f94ec1bcbda9849101d30c41deefe50
"You have not verified your account yet. Due to technical problems an email with an activation code could not be sent to you. Please try again a little later or contact the webmaster of this site.","Sie haben Ihr Konto noch nicht bestätigt. Aufgrund technischer Probleme konnte Ihnen eine E-Mail mit einem Aktivierungscode nicht zugesandt werden. Bitte versuchen Sie es etwas später noch einmal oder kontaktieren Sie den Webmaster dieser Seite.",,site/modules/FrontendLoginRegister/pages/LoginPage.php,4d818aed84870d3e1e9b77036b1803a1
"Unfortunately, too many unsuccessful login attempts were made, so this user account has now been blocked for security reasons.","Leider wurden zu viele erfolglose Anmeldeversuche unternommen, so dass dieses Benutzerkonto nun aus Sicherheitsgründen gesperrt wurde.",,site/modules/FrontendLoginRegister/pages/LoginPage.php,e5062270e3eef75effec81c04533fa58
"An email with a link to unlock your account has been sent to your email address.","Eine E-Mail mit einem Link zur Freischaltung Ihres Kontos wurde an Ihre E-Mail-Adresse gesendet.",,site/modules/FrontendLoginRegister/pages/LoginPage.php,360db69cf844506c15303e500da2cf32
"Please follow the instructions inside the email to unlock your account.","Bitte folgen Sie den Anweisungen in der E-Mail, um Ihr Konto freizuschalten.",,site/modules/FrontendLoginRegister/pages/LoginPage.php,bb64149dc19cc4e8d116032be5aade33
"Sorry, but you are not allowed to log in.","Sie haben leider keine Berechtigung sich anzumelden.",,site/modules/FrontendLoginRegister/pages/LoginPage.php,2bb4f71cfb32c6f5c46b5f4c26ea36c6
"Your authentication code for %s","Ihr Authentifizierungscode für %s",,site/modules/FrontendLoginRegister/pages/LoginPage.php,f56bd151a56c190540ee3c1e06099ef7
"Use this code to login into your account","Verwenden Sie diesen Code, um sich bei Ihrem Konto anzumelden",,site/modules/FrontendLoginRegister/pages/LoginPage.php,932026b21b11f7928c06318060a2f453
"A code has been sent to you by email - please find it and enter it on this screen.","Ein Code wure per E-Mail zu Ihnen gesendet - bitte geben Sie diesen am Bildschirm ein.",,site/modules/FrontendLoginRegister/pages/LoginPage.php,4a9df1eb3c5c90d32a497c2cd9a9e8a1
en,de,description,file,hash
"You have been successfully logged out.","Sie haben sich erfolgreich abgemeldet.",,site/modules/FrontendLoginRegister/pages/LogoutPage.php,b62217857115d79e0b4f8c1ec570f203
en,de,description,file,hash
Update,Aktualisieren,,site/modules/FrontendLoginRegister/pages/ProfilePage.php,06933067aafd48425d67bcb01bba5cb6
"Delete account","Konto löschen",,site/modules/FrontendLoginRegister/pages/ProfilePage.php,e6e049c44a797fda2a175d07df838e49
"Your profile data have been updated successfully.","Ihre Profildaten wurden erfolgreich aktualisiert.",,site/modules/FrontendLoginRegister/pages/ProfilePage.php,8244477c3ea7d3e9553e53823f744785
en,de,description,file,hash
"Your new login data have been saved. You can now log into your account.","Ihre neuen Zugangsdaten wurden gespeichert. Sie können Sich jetzt bei Ihrem Konto anmelden.",,site/modules/FrontendLoginRegister/pages/RecoveryLogindataPage.php,736bbb38c653ffa3290d84cd8f6b0a4f
"If you have forgotten your username too, you can enter a new one here. Otherwise, let this field empty and fill out only the password fields.","Wenn Sie auch Ihren Benutzernamen vergessen haben sollten, dann können Sie hier einen neuen eingeben. Andernfalls lassen Sie dieses Feld leer und füllen Sie nur die Passwortfelder aus.",,site/modules/FrontendLoginRegister/pages/RecoveryLogindataPage.php,e9a62c5a0be3e2208f8f4d2449013e05
"Your new password has been saved, and you can log in into your account now.","Ihr neues Passwort wurde gespeichert und Sie können sich jetzt bei Ihrem Konto anmelden.",,site/modules/FrontendLoginRegister/pages/RecoveryLogindataPage.php,91796a2b52a53c9c898142cf4361c5a2
"Show password confirmation","Passwortbestätigung anzeigen",,site/modules/FrontendLoginRegister/pages/RecoveryLogindataPage.php,c015c2977a6ad7af1e7fef14a0db7870
"Save new password","Neues Passwort speichern",,site/modules/FrontendLoginRegister/pages/RecoveryLogindataPage.php,6c9025c5d284889adb27111824de57e0
"Save new login data","Neue Zugangsdaten speichern",,site/modules/FrontendLoginRegister/pages/RecoveryLogindataPage.php,1515644564af6fed29f9e39ca610d017
en,de,description,file,hash
Register,Registrieren,,site/modules/FrontendLoginRegister/pages/RegisterPage.php,0ba7583639a274c434bbe6ef797115a4
"Action required to activate your account","Aktion erforderlich, um Ihr Konto zu aktivieren",,site/modules/FrontendLoginRegister/pages/RegisterPage.php,fc6b228c1c76a11ae16c0ae5cfdd61c8
"Please click the link to verify your registration","Bitte klicken Sie auf den Link um Ihre Registrierung zu bestätigen",,site/modules/FrontendLoginRegister/pages/RegisterPage.php,78f57f6c4a3b51ecc88251df372db6f1
"If you do not see the email in a few minutes, check your “junk mail” folder or “spam” folder.","Sollten Sie die E-Mail in ein paar Minuten noch immer nicht erhalten haben, dann überprüfen Sie bitte auch Ihren „Junk-Mail“-Ordner oder „Spam“-Ordner.",,site/modules/FrontendLoginRegister/pages/RegisterPage.php,1f96a8d9a0cfe745c555bb777dc4d56c
"If you still have not received an email, please fill out the registration form again to receive a new activation link.","Wenn Sie trotzdem keine E-Mail erhalten haben, dann füllen Sie bitte das Registrierungsformular erneut aus, um einen neuen Aktivierungslink zu erhalten.",,site/modules/FrontendLoginRegister/pages/RegisterPage.php,7a09a7bb3cff4123175ed0651b2eaaab
"Your account has been created successfully. To activate your account, please follow the instructions inside the mail that has been sent to you.","Ihr Konto wurde erfolgreich erstellt. Um Ihr Konto zu aktivieren, folgen Sie bitte den Anweisungen in der E-Mail, welche zu Ihnen gesendet wurde.",,site/modules/FrontendLoginRegister/pages/RegisterPage.php,e2b68380e5dcb61d51032f3bf14f036d
"It seems that you have already registered before but have forgotten to activate your account. To activate your account, please follow the instructions inside the mail that have been sent to you.","Anscheinend haben Sie sich schon einmal registriert, aber vergessen, Ihr Konto zu aktivieren. Um Ihr Konto zu aktivieren, folgen Sie bitte den Anweisungen in der E-Mail, die soeben zu Ihnen gesendet wurde.",,site/modules/FrontendLoginRegister/pages/RegisterPage.php,1b525e06fa78b920b8bcb28a7461de2c
en,de,description,file,hash
Registration,Registrierung,,site/modules/FrontendLoginRegister/config/templatePages.php,0f98b7f230f3c91292f0de4c99e263f2
"Register for an account and get access to non-public pages. It is free.","Registrieren Sie sich und Sie erhalten Zugang zu nicht öffentlichen Seiten. Es ist kostenlos.",,site/modules/FrontendLoginRegister/config/templatePages.php,2562a70723c3aade96730a9867831ae4
Login,Anmeldung,,site/modules/FrontendLoginRegister/config/templatePages.php,99dea78007133396a7b8ed70578ac6ae
"On this site you can login, if you have signed up for an account.","Auf dieser Seite können Sie sich anmelden, wenn Sie sich zuvor für ein Konto registriert haben.",,site/modules/FrontendLoginRegister/config/templatePages.php,6de126efe667c8b4f0b4e43f95164e82
Logout,Abmeldung,,site/modules/FrontendLoginRegister/config/templatePages.php,0323de4f66a1700e2173e9bcdce02715
"This is the logout page to left the private area if you are logged in.","Dies ist die Abmeldungsseite, um den geschlossenen Mitgliederbereich wieder zu verlassen, falls Sie angemeldet sind.",,site/modules/FrontendLoginRegister/config/templatePages.php,aa9ec7e98f63c9748e9b47724c48a41a
Profile,"Meine Profil-Seite",,site/modules/FrontendLoginRegister/config/templatePages.php,cce99c598cfdb9773ab041d54c3d973a
"On this page you can update your personal data such as password, email address and more.","Auf dieser Seite können Sie Ihre persönlichen Daten, wie beispielsweise Passwort, E-Mail Adresse und mehr aktualisieren.",,site/modules/FrontendLoginRegister/config/templatePages.php,aa53f8338558906ddde1d8f43f8098ae
"Request your login data","Zugangsdaten anfordern",,site/modules/FrontendLoginRegister/config/templatePages.php,1753bb4531e557654d12b71c6ed98fd6
"If you have forgotten your login data, please enter your email address and you will get an email to reset your login data.","Wenn Sie Ihre Zugangsdaten vergessen haben sollten, dann geben Sie bitte Ihre E-Mail Adresse ein und Sie erhalten eine E-Mail um Ihre Zugangsdaten zurück zu setzen.",,site/modules/FrontendLoginRegister/config/templatePages.php,57fc03026b737456f06259bfa9ed9067
"Create new login data","Neue Zugangsdaten erstellen",,site/modules/FrontendLoginRegister/config/templatePages.php,21aef00a23a6f3f19c70ef7daddea1a8
"If you have forgotten your login data you can request on this page for an email to get a link to create the new login data.","Wenn Sie Ihre Zugangsdaten vergessen haben sollten, dann können Sie auf dieser Seite einen Link zur Erstellung neuer Zugangsdaten anfordern.",,site/modules/FrontendLoginRegister/config/templatePages.php,8d2a872c716314c69e6da7320ad9a40b
"Account activation","Konto Aktivierung",,site/modules/FrontendLoginRegister/config/templatePages.php,ef5872ccb6ea77c26a046f51371a6043
"On this page your account will be activated if you have sent the correct activation code.","Auf dieser Seite wird Ihr Konto aktiviert, falls Sie den richtigen Aktivierungscode gesendet haben.",,site/modules/FrontendLoginRegister/config/templatePages.php,96ff718c4607a1863f1cd642ef964d76
"Account deletion","Konto Löschung",,site/modules/FrontendLoginRegister/config/templatePages.php,dee12d83249dd7abd9012ae73fc3b012
"If you want to delete your account permanently, enter the required user data in the form below. Then you will receive a link that is valid for 5 minutes to delete your account.","Wenn Sie Ihr Konto endgültig löschen möchten, geben Sie bitte die geforderten Nutzer-Daten in das Formular unten ein. Sie erhalten danach einen Link, welcher 5 Minuten lang gültig ist, um Ihr Konto zu löschen.",,site/modules/FrontendLoginRegister/config/templatePages.php,4d36cf62652ab2e024113c2773aec86e
"On this page you can request for a deletion link to delete your account permanently.","Auf dieser Seite können Sie einen Link zur dauerhaften Löschung Ihres Kontos anfordern.",,site/modules/FrontendLoginRegister/config/templatePages.php,23ac96093ddff47f7ac65de3ead3c585
"Account deletion confirmation","Konto-Löschung Bestätigung",,site/modules/FrontendLoginRegister/config/templatePages.php,cf17d29e95d5dd8e91806a4d8a0879dc
"Confirmation page after clicking the deletion link.","Dies ist die Bestätigungsseite zur Löschung Ihres Kontos, nachdem Sie durch Klick auf den Link die Löschung bestätigt haben.",,site/modules/FrontendLoginRegister/config/templatePages.php,663c26c7adbf7f1c1af75021d06883e8
"Unlock your account","Entsperrung Ihres Kontos",,site/modules/FrontendLoginRegister/config/templatePages.php,6a5e2245a59fa1823aee98c980fc2567
"Please enter your password to unlock your account.","Bitte geben Sie Ihr Passwort ein, um Ihr Konto zu entsperren.",,site/modules/FrontendLoginRegister/config/templatePages.php,49a1ebd568e287ce93c4f9693f81236b
"Unlock your account after it was locked due to multiple unsuccessful attempts to login.","Entsperren Sie Ihr Konto, nachdem es aufgrund mehrerer erfolgloser Anmeldeversuche gesperrt wurde.",,site/modules/FrontendLoginRegister/config/templatePages.php,dd234a82889475fb18d0c8ce2fa10050
en,de,description,file,hash
"Your account is now unlocked.","Ihr Benutzer-Konto is nun entsperrt.",,site/modules/FrontendLoginRegister/pages/UnlockAccountPage.php,c42b700b5da2c2880998a156692e30fa
"Unlock your account","Entsperren Sie Ihr Benutzer-Konto",,site/modules/FrontendLoginRegister/pages/UnlockAccountPage.php,6a5e2245a59fa1823aee98c980fc2567
en,de,description,file,hash
"Activation code",Aktivierungs-Code,,site/modules/FrontendLoginRegister/config/userFields.php,008aeca484f4370679310037e98baa88
"This field holds the activation code if account was not activated, otherwise it is empty.","Dieses Feld enthält den Aktivierungscode, wenn das Konto noch nicht aktiviert wurde. Anderenfalls ist es leer.",,site/modules/FrontendLoginRegister/config/userFields.php,8510cce68342b048165e728c4d44cd2a
"Account verified","Konto bestätigt",,site/modules/FrontendLoginRegister/config/userFields.php,5f86b92860f7ffd7492f8af58d9037b4
"This field holds the date/time when the user verified his account, otherwise it is empty.","Dieses Feld enthält die Datums-/Zeitangabe, wann das Konto aktiviert wurde. Anderenfalls ist es leer.",,site/modules/FrontendLoginRegister/config/userFields.php,36301ab33ef7afdffd670dcf581ab65c
"Reminder sent date/time","Errinnerungsmail Datums-/Zeitangabe des Sendezeitpunktes",,site/modules/FrontendLoginRegister/config/userFields.php,14e102fc2f55a6edaa3ee2c46adf4200
"This field holds the date/time when the reminder email was sent, otherwise it is empty.","Dieses Feld enthält die Datums-/Zeitangabe, wann die Erinnerungs-Mail gesendet wurde. Anderenfalls ist es leer.",,site/modules/FrontendLoginRegister/config/userFields.php,ead714521805efaa7c7131293a7efe63
"Password recovery code",Passwort-Wiederherstellungs-Code,,site/modules/FrontendLoginRegister/config/userFields.php,713ceb511bc0951301b4b8ce88f38eaa
"This field holds the recovery code if the user has forgotten his password, otherwise it is empty.","Dieses Feld enthält den Wiederherstellungs-Code, wenn ein Nutzer diesen angefordert hat. Anderenfalls ist es leer.",,site/modules/FrontendLoginRegister/config/userFields.php,ac94304ff2aeefbd3acb5f9c8485aec8
"Password recovery date/time","Passwort Wiederherstellung Datums-/Zeitangabe",,site/modules/FrontendLoginRegister/config/userFields.php,7c3ac4975d92b82de7b9a79d1a964597
"This field holds the date/time when the recovery code was created, otherwise it is empty.","Dieses Feld enthält die Datums-/Zeitangabe, wann der Wiederherstellungs-Code erstellt wurde. Anderenfalls ist es leer.",,site/modules/FrontendLoginRegister/config/userFields.php,f0f547d6d37c102bd34f845cfc4de757
"Account deletion code",Konto-Löschungs-Code,,site/modules/FrontendLoginRegister/config/userFields.php,ac07b18a1ce48cd8aeb3b47eca029a92
"This field holds the deletion code if the user wants to delete his account, otherwise it is empty.","Dieses Feld enthält den Löschungs-Code, wenn ein Nutzer diesen angefordert hat. Anderenfalls ist es leer.",,site/modules/FrontendLoginRegister/config/userFields.php,c231f52f4a4da7c76718ac92a404ffce
"Account deletion date/time","Konto Löschung Datums-/Zeitangabe",,site/modules/FrontendLoginRegister/config/userFields.php,98169a5545d9bc48686533b1697e2b5f
"This field holds the date/time when the deletion code was created, otherwise it is empty.","Dieses Feld enthält die Datums-/Zeitangabe, wann der Kontolöschungs-Code erstellt wurde. Anderenfalls ist es leer.",,site/modules/FrontendLoginRegister/config/userFields.php,84a008e4ec59b7d143e4f0041e10482a
"Blocking code",Sperrcode,,site/modules/FrontendLoginRegister/config/userFields.php,7d8ecf645b15706b2ee83b409a9e40f4
"This field holds the blocking code if login failed with same username or email after a certain number of attempts, otherwise it is empty.","Dieses Feld enthält den Sperrcode, wenn die Anmeldung mit demselben Benutzernamen oder derselben E-Mail-Adresse nach einer bestimmten Anzahl von Versuchen fehlgeschlagen ist, andernfalls ist es leer.",,site/modules/FrontendLoginRegister/config/userFields.php,9ef3c28a853342923681def764a0492b
